"Withdrawal Settings","Widerrufs-Einstellungen"
"General Settings","Allgemeine Einstellungen"
"Enable Module","Modul aktivieren"
"Notification Email","Benachrichtigungs-E-Mail"
"Withdrawal Period (Days)","Widerrufsfrist (Tage)"
"Email Settings","E-Mail-Einstellungen"
"Email Sender","E-Mail-Absender"
"Customer Confirmation Email Template","Kunden-Bestätigungs-E-Mail-Vorlage"
"Admin Notification Email Template","Admin-Benachrichtigungs-E-Mail-Vorlage"
"Withdrawal Requests","Widerrufsanfragen"
"Withdrawals","Widerrufe"
"Withdrawal","Widerruf"
"Withdraw","Widerrufen"
"Withdraw Order","Bestellung widerrufen"
"Submit Withdrawal","Widerruf absenden"
"Withdrawal submitted","Widerruf eingereicht"
"Period expired","Frist abgelaufen"
"Withdrawal for Order #%1","Widerruf für Bestellung #%1"
"Withdrawal Successfully Submitted","Widerruf erfolgreich eingereicht"
"Your withdrawal request for order #%1 has been received.","Ihr Widerruf für die Bestellung #%1 wurde empfangen."
"You will receive a confirmation email shortly.","Sie erhalten in Kürze eine Bestätigungs-E-Mail."
"The shop will contact you regarding the next steps (e.g. return of goods, refund).","Der Shop wird Sie bezüglich der nächsten Schritte kontaktieren (z.B. Rücksendung der Ware, Rückerstattung)."
"Back to My Orders","Zurück zu meinen Bestellungen"
"Continue Shopping","Weiter einkaufen"
"Search Order for Withdrawal","Bestellung für Widerruf suchen"
"Please enter your order number and the email address used for the order to find your order.","Bitte geben Sie Ihre Bestellnummer und die E-Mail-Adresse ein, die für die Bestellung verwendet wurde."
"Order Number","Bestellnummer"
"Email Address","E-Mail-Adresse"
"Search Order","Bestellung suchen"
"Order Date","Bestelldatum"
"Order Status","Bestellstatus"
"Order Total","Bestellsumme"
"Items Ordered","Bestellte Artikel"
"Product Name","Produktname"
"SKU","Artikelnummer"
"Qty","Menge"
"Price","Preis"
"Subtotal","Zwischensumme"
"Withdrawal deadline:","Widerrufsfrist bis:"
"By submitting the withdrawal, you declare that you wish to revoke the purchase contract for this order.","Mit dem Absenden des Widerrufs erklären Sie, dass Sie den Kaufvertrag für diese Bestellung widerrufen möchten."
"A withdrawal request has already been submitted for this order.","Für diese Bestellung wurde bereits ein Widerruf eingereicht."
"The withdrawal period for this order has expired. The deadline was: %1","Die Widerrufsfrist für diese Bestellung ist abgelaufen. Die Frist war: %1"
"Back","Zurück"
"Confirm Withdrawal","Widerruf bestätigen"
"Are you sure you want to submit the withdrawal for this order? This action cannot be undone.","Sind Sie sicher, dass Sie den Widerruf für diese Bestellung einreichen möchten? Diese Aktion kann nicht rückgängig gemacht werden."
"Cancel","Abbrechen"
"Yes, Submit Withdrawal","Ja, Widerruf absenden"
"The order could not be found.","Die Bestellung konnte nicht gefunden werden."
"Invalid form key. Please try again.","Ungültiger Formular-Schlüssel. Bitte versuchen Sie es erneut."
"The withdrawal function is currently not available.","Die Widerrufsfunktion ist derzeit nicht verfügbar."
"No order specified.","Keine Bestellung angegeben."
"Please log in to submit a withdrawal.","Bitte melden Sie sich an, um einen Widerruf einzureichen."
"You are not authorized to withdraw this order.","Sie sind nicht berechtigt, diese Bestellung zu widerrufen."
"You are not authorized to view this order.","Sie sind nicht berechtigt, diese Bestellung anzuzeigen."
"The provided email does not match the order.","Die angegebene E-Mail-Adresse stimmt nicht mit der Bestellung überein."
"A withdrawal request already exists for this order.","Für diese Bestellung existiert bereits ein Widerruf."
"The withdrawal period for this order has expired.","Die Widerrufsfrist für diese Bestellung ist abgelaufen."
"Your withdrawal request was submitted.","Ihr Widerruf wurde eingereicht."
"Unable to submit withdrawal request. Please try again.","Der Widerruf konnte nicht eingereicht werden. Bitte versuchen Sie es erneut."
"Withdrawal requested by customer on %1.","Widerruf durch Kunde angefordert am %1."
"Please enter both order number and email address.","Bitte geben Sie sowohl die Bestellnummer als auch die E-Mail-Adresse ein."
"No order found with the given order number and email address.","Keine Bestellung mit der angegebenen Bestellnummer und E-Mail-Adresse gefunden."
"Invalid request.","Ungültige Anfrage."
"Order #","Bestell-Nr."
"Customer Name","Kundenname"
"Customer Email","Kunden-E-Mail"
"Status","Status"
"Pending","Ausstehend"
"Confirmed","Bestätigt"
"Rejected","Abgelehnt"
"Order Placed At","Bestellung aufgegeben am"
"Withdrawal Requested At","Widerruf angefordert am"
"Comment","Kommentar"
"View Order","Bestellung ansehen"
"ID","ID"
"e.g. 000000001","z.B. 000000001"
"your@email.com","ihre@email.de"
"Enable or disable the withdrawal button functionality.","Aktivieren oder deaktivieren Sie die Widerrufsbutton-Funktionalität."
"Email address to receive withdrawal notifications. If empty, the general store email will be used.","E-Mail-Adresse für Widerrufs-Benachrichtigungen. Wenn leer, wird die allgemeine Shop-E-Mail verwendet."
"Number of days after order placement during which withdrawal is allowed. Default: 14 days.","Anzahl der Tage nach Versand der letzten Teillieferung, in denen der Widerruf möglich ist. Standard: 14 Tage."
"This order has not been shipped yet. You may withdraw at any time until you receive the goods.","Diese Bestellung wurde noch nicht versandt. Sie können jederzeit widerrufen, bis Sie die Ware erhalten haben."
"Email template sent to the customer after withdrawal request.","E-Mail-Vorlage, die nach dem Widerruf an den Kunden gesendet wird."
"Email template sent to the shop owner after withdrawal request.","E-Mail-Vorlage, die nach dem Widerruf an den Shopbetreiber gesendet wird."
"Withdrawal Confirmation for Order #%order_increment_id","Widerrufsbestätigung für Bestellung #%order_increment_id"
"New Withdrawal Request for Order #%order_increment_id","Neuer Widerruf für Bestellung #%order_increment_id"
"Dear %customer_name,","Sehr geehrte/r %customer_name,"
"We have received your withdrawal request for Order #%order_increment_id.","Wir haben Ihren Widerruf für die Bestellung #%order_increment_id erhalten."
"Your withdrawal request has been registered successfully.","Ihr Widerruf wurde erfolgreich registriert."
"Order Number:","Bestellnummer:"
"Order Date:","Bestelldatum:"
"Withdrawal Requested:","Widerruf angefordert:"
"The shop will process your withdrawal request and contact you regarding the next steps (e.g. return of goods, refund).","Der Shop wird Ihren Widerruf bearbeiten und Sie bezüglich der nächsten Schritte kontaktieren (z.B. Rücksendung, Rückerstattung)."
"If you have any questions, please contact us.","Bei Fragen kontaktieren Sie uns bitte."
"A new withdrawal request has been submitted.","Ein neuer Widerruf wurde eingereicht."
"Customer Name:","Kundenname:"
"Allowed Order Statuses","Erlaubte Bestellstatus"
"Withdrawal is only possible for orders with one of these statuses. Default: pending, processing, complete.","Widerruf ist nur für Bestellungen mit diesem Status möglich. Standard: pending, processing, complete."
"Customer Email:","Kunden-E-Mail:"
"Please review this withdrawal request and take the necessary steps.","Bitte prüfen Sie diesen Widerruf und leiten Sie die notwendigen Schritte ein."
"Withdrawal is only possible for orders with one of these statuses.","Widerruf ist nur für Bestellungen mit einem dieser Status möglich."
"Excluded Product Attributes","Ausgeschlossene Produktattribute"
"Comma-separated list of product attribute codes. Products with these attributes set to 'Yes' or '1' will be excluded from withdrawal (e.g., is_personalized,is_perishable,custom_made)","Kommaseparierte Liste von Produktattribut-Codes. Produkte mit diesen Attributen, die auf 'Ja' oder '1' gesetzt sind, werden vom Widerruf ausgeschlossen (z.B. is_personalized,is_perishable,custom_made)"
"Withdrawable Items","Widerrufbare Artikel"
"Non-Withdrawable Items","Nicht widerrufbare Artikel"
"Already Withdrawn Items","Bereits widerrufene Artikel"
"This product cannot be withdrawn","Dieses Produkt kann nicht widerrufen werden"
"Some items cannot be withdrawn due to their properties","Einige Artikel können aufgrund ihrer Eigenschaften nicht widerrufen werden"
"Withdraw More Items","Weitere Artikel widerrufen"
"Withdraw Order","Bestellung widerrufen"
"Withdrawal Type","Widerrufstyp"
"Full Withdrawal","Vollständiger Widerruf"
"Partial Withdrawal","Teilwiderruf"
"Withdrawn Items","Widerrufene Artikel"
"Partial withdrawal: %1 of %2 items withdrawn on %3","Teilwiderruf: %1 von %2 Artikeln widerrufen am %3"
"Full withdrawal submitted on %1","Vollständiger Widerruf eingereicht am %1"
"This is a partial withdrawal","Dies ist ein Teilwiderruf"
"Withdrawn items:","Widerrufene Artikel:"
"Non-withdrawable items:","Nicht widerrufbare Artikel:"
"Withdrawal Type:","Widerrufstyp:"
"Items:","Artikel:"
"No items available for withdrawal.","Keine Artikel für Widerruf verfügbar."
"Already withdrawn","Bereits widerrufen"
"Select all items","Alle Artikel auswählen"
"(%1 of %2 selected)","(%1 von %2 ausgewählt)"
"You are about to withdraw %1 item(s) from this order.","Sie sind dabei, %1 Artikel aus dieser Bestellung zu widerrufen."
"Select the items you wish to withdraw from this order.","Wählen Sie die Artikel aus, die Sie widerrufen möchten."
"Please select at least one item to withdraw.","Bitte wählen Sie mindestens einen Artikel zum Widerrufen aus."
"Some items in this order cannot be withdrawn due to their properties (e.g., personalized or perishable goods).","Einige Artikel in dieser Bestellung können aufgrund ihrer Eigenschaften (z.B. personalisierte oder verderbliche Waren) nicht widerrufen werden."
"By submitting the withdrawal, you declare that you wish to revoke the purchase contract for the selected items.","Mit dem Absenden des Widerrufs erklären Sie, dass Sie den Kaufvertrag für die ausgewählten Artikel widerrufen möchten."
"Only the selected items marked as ""Withdrawable"" will be processed.","Nur die ausgewählten Artikel, die als ""Widerrufbar"" markiert sind, werden bearbeitet."
"%1 items cannot be withdrawn and will remain in the order.","%1 Artikel können nicht widerrufen werden und bleiben in der Bestellung."
"One item cannot be withdrawn and will remain in the order.","Ein Artikel kann nicht widerrufen werden und bleibt in der Bestellung."
"Withdrawal Submitted Successfully","Widerruf erfolgreich eingereicht"
"Previous Withdrawal Detected","Vorheriger Widerruf erkannt"
"You have already withdrawn %1 item(s) from this order. You can withdraw additional items from the remaining withdrawable items.","Sie haben bereits %1 Artikel aus dieser Bestellung widerrufen. Sie können weitere Artikel aus den verbleibenden widerrufbaren Artikeln widerrufen."
"Some items have already been withdrawn.","Einige Artikel wurden bereits widerrufen."
"All items in this order have already been withdrawn.","Alle Artikel in dieser Bestellung wurden bereits widerrufen."
"Back to Order History","Zurück zur Bestellübersicht"
"These items have already been withdrawn in a previous request.","Diese Artikel wurden bereits in einer vorherigen Anfrage widerrufen."
"Full withdrawal","Vollständiger Widerruf"
"Withdrawal Updated for Order #%order_increment_id","Widerruf aktualisiert für Bestellung #%order_increment_id"
"Withdrawal Updated","Widerruf aktualisiert"
"You have withdrawn additional items from Order #%order_increment_id.","Sie haben weitere Artikel aus der Bestellung #%order_increment_id widerrufen."
"Latest Withdrawal Date","Datum des letzten Widerrufs"
"Newly Withdrawn Items","Neu widerrufene Artikel"
"Total Withdrawn Items","Insgesamt widerrufene Artikel"
"Complete Withdrawal","Vollständiger Widerruf"
"All withdrawable items from this order have now been withdrawn.","Alle widerrufbaren Artikel aus dieser Bestellung wurden jetzt widerrufen."
"The shop will process your updated withddrawal request and contact you regarding the next steps.","Der Shop wird Ihre aktualisierte Widerrufsanfrage bearbeiten und Sie bezüglich der nächsten Schritte kontaktieren."
"Customer has withdrawn additional items from an existing withdrawal request.","Der Kunde hat weitere Artikel aus einer bestehenden Widerrufsanfrage widerrufen."
"Please review this updated withdrawal request and take the necessary steps.","Bitte prüfen Sie diese aktualisierte Widerrufsanfrage und leiten Sie die notwendigen Schritte ein."